[
{    "id" : 1,
    "type": "condo",
    "price": 500,
    "address": "2000 sector 18 chd",
    "area": 2000,
    "bedroom" : 1,
    "bathrooms": 2,
    "image": "img1"
},
{    "id" : 2,
    "type": "House",
    "price": 500,
    "address": "2001 sector 18 chd",
    "area": 2000,
    "bedroom" : 1,
    "bathrooms": 2,
    "image": "img2"
},
{    "id" : 3,
    "type": "Apartment",
    "price": 500,
    "address": "2002 sector 18 chd",
    "area": 2000,
    "bedroom" : 1,
    "bathrooms": 2,
    "image": "img3"
},
{    "id" : 4,
    "type": "Cottage",
    "price": 500,
    "address": "2003 sector 18 chd",
    "area": 2000,
    "bedroom" : 1,
    "bathrooms": 2,
    "image": "img4"
},
{    "id" : 5,
    "type": "Villa",
    "price": 500,
    "address": "2004 sector 18 chd",
    "area": 2000,
    "bedroom" : 1,
    "bathrooms": 2,
    "image": "img5"
}
]